{
	"info": {
		"_postman_id": "44902937-475d-4fd5-b9e4-156dd72de27d",
		"name": "AlgaLog - Externo(Nuvem)",
		"schema": "https://schema.getpostman.com/json/collection/v2.1.0/collection.json",
		"_exporter_id": "5472434"
	},
	"item": [
		{
			"name": "Clientes",
			"item": [
				{
					"name": "Clientes - Listar",
					"request": {
						"method": "GET",
						"header": [],
						"url": {
							"raw": "app-java.ddns.net:8082/clientes",
							"host": [
								"app-java",
								"ddns",
								"net"
							],
							"port": "8082",
							"path": [
								"clientes"
							]
						}
					},
					"response": []
				},
				{
					"name": "Clientes - Buscar",
					"request": {
						"method": "GET",
						"header": [],
						"url": {
							"raw": "app-java.ddns.net:8082/clientes/1",
							"host": [
								"app-java",
								"ddns",
								"net"
							],
							"port": "8082",
							"path": [
								"clientes",
								"1"
							]
						}
					},
					"response": []
				},
				{
					"name": "Clientes - Adicionar",
					"request": {
						"method": "POST",
						"header": [],
						"body": {
							"mode": "raw",
							"raw": "{\r\n    \"nome\": \"Fernando III\",\r\n    \"email\": \"fernando3@email.com\",\r\n    \"telefone\": \"11-9999-4455\"\r\n}",
							"options": {
								"raw": {
									"language": "json"
								}
							}
						},
						"url": {
							"raw": "app-java.ddns.net:8082/clientes",
							"host": [
								"app-java",
								"ddns",
								"net"
							],
							"port": "8082",
							"path": [
								"clientes"
							]
						}
					},
					"response": []
				},
				{
					"name": "Clientes - Atualizar",
					"request": {
						"method": "PUT",
						"header": [],
						"body": {
							"mode": "raw",
							"raw": "    {\r\n        \"nome\": \"Fernando III ATUALIZADO\",\r\n        \"email\": \"fernando2@email.com\",\r\n        \"telefone\": \"11-9999-4455\"\r\n    }\r\n    ",
							"options": {
								"raw": {
									"language": "json"
								}
							}
						},
						"url": {
							"raw": "app-java.ddns.net:8082/clientes/7",
							"host": [
								"app-java",
								"ddns",
								"net"
							],
							"port": "8082",
							"path": [
								"clientes",
								"7"
							]
						}
					},
					"response": []
				},
				{
					"name": "Clientes - Remover",
					"request": {
						"method": "DELETE",
						"header": [],
						"body": {
							"mode": "raw",
							"raw": "",
							"options": {
								"raw": {
									"language": "json"
								}
							}
						},
						"url": {
							"raw": "app-java.ddns.net:8082/clientes/7",
							"host": [
								"app-java",
								"ddns",
								"net"
							],
							"port": "8082",
							"path": [
								"clientes",
								"7"
							]
						}
					},
					"response": []
				}
			]
		},
		{
			"name": "Entregas",
			"item": [
				{
					"name": "Entregas - Adicionar",
					"request": {
						"method": "POST",
						"header": [],
						"body": {
							"mode": "raw",
							"raw": "{\r\n    \"cliente\":{\r\n        \"id\": 1\r\n    },\r\n    \"destinatario\":{\r\n        \"nome\": \"Joaquim da Silva\",\r\n        \"logradouro\": \"Rua das Goiabas\",\r\n        \"numero\": \"100\",\r\n        \"complemento\": \"Apto 200\",\r\n        \"bairro\": \"Centro\"\r\n    },\r\n    \"taxa\": 100.50,\r\n    \"dataFinalizacao\": \"2012-04-30T20:00:00\"\r\n}",
							"options": {
								"raw": {
									"language": "json"
								}
							}
						},
						"url": {
							"raw": "app-java.ddns.net:8082/entregas",
							"host": [
								"app-java",
								"ddns",
								"net"
							],
							"port": "8082",
							"path": [
								"entregas"
							]
						}
					},
					"response": []
				},
				{
					"name": "Entregas - Listar",
					"request": {
						"method": "GET",
						"header": [],
						"url": {
							"raw": "app-java.ddns.net:8082/entregas",
							"host": [
								"app-java",
								"ddns",
								"net"
							],
							"port": "8082",
							"path": [
								"entregas"
							]
						}
					},
					"response": []
				},
				{
					"name": "Entregas - Buscar",
					"request": {
						"method": "GET",
						"header": [],
						"url": {
							"raw": "app-java.ddns.net:8082/entregas/1",
							"host": [
								"app-java",
								"ddns",
								"net"
							],
							"port": "8082",
							"path": [
								"entregas",
								"1"
							]
						}
					},
					"response": []
				},
				{
					"name": "Entregas - Finalizar",
					"request": {
						"method": "PUT",
						"header": [],
						"url": {
							"raw": "app-java.ddns.net:8082/entregas/4/finalizacao",
							"host": [
								"app-java",
								"ddns",
								"net"
							],
							"port": "8082",
							"path": [
								"entregas",
								"4",
								"finalizacao"
							]
						}
					},
					"response": []
				}
			]
		},
		{
			"name": "Ocorrências",
			"item": [
				{
					"name": "Ocorrências - Adicionar",
					"request": {
						"method": "POST",
						"header": [],
						"body": {
							"mode": "raw",
							"raw": "{\r\n    \"descricao\": \"Tentativa sem Sucesso(Não Estava em Casa)\"\r\n}",
							"options": {
								"raw": {
									"language": "json"
								}
							}
						},
						"url": {
							"raw": "app-java.ddns.net:8082/entregas/1/ocorrencias",
							"host": [
								"app-java",
								"ddns",
								"net"
							],
							"port": "8082",
							"path": [
								"entregas",
								"1",
								"ocorrencias"
							]
						}
					},
					"response": []
				},
				{
					"name": "Ocorrências - Listar",
					"protocolProfileBehavior": {
						"disableBodyPruning": true
					},
					"request": {
						"method": "GET",
						"header": [],
						"body": {
							"mode": "raw",
							"raw": "",
							"options": {
								"raw": {
									"language": "json"
								}
							}
						},
						"url": {
							"raw": "app-java.ddns.net:8082/entregas/1/ocorrencias",
							"host": [
								"app-java",
								"ddns",
								"net"
							],
							"port": "8082",
							"path": [
								"entregas",
								"1",
								"ocorrencias"
							]
						}
					},
					"response": []
				}
			]
		}
	]
}